OpenTime,CloseTime,OpenPrice,ClosePrice,HighPrice,LowPrice,Volume,QuoteAssetVolume,TradeNum
1686787200000,1686873599999,6.401000e-01,6.517000e-01,6.635000e-01,6.180000e-01,1.958163e+06,1.259356e+06,4.425000e+03
1686873600000,1686959999999,6.517000e-01,7.115000e-01,7.244000e-01,6.000000e-01,2.160964e+06,1.429697e+06,4.928000e+03
1686960000000,1687046399999,7.097000e-01,7.584000e-01,7.862000e-01,6.502000e-01,2.048300e+06,1.537369e+06,5.051000e+03
1687046400000,1687132799999,7.572000e-01,7.230000e-01,8.006000e-01,7.183000e-01,2.026553e+06,1.530819e+06,5.168000e+03
1687132800000,1687219199999,7.230000e-01,7.890000e-01,8.238000e-01,7.056000e-01,2.145994e+06,1.626296e+06,5.430000e+03
1687219200000,1687305599999,7.881000e-01,8.140000e-01,8.250000e-01,7.455000e-01,1.953961e+06,1.539394e+06,5.227000e+03
1687305600000,1687391999999,8.140000e-01,8.250000e-01,8.573000e-01,7.617000e-01,1.962723e+06,1.576671e+06,5.147000e+03
1687392000000,1687478399999,8.272000e-01,8.104000e-01,8.934000e-01,7.999000e-01,1.699752e+06,1.415452e+06,4.363000e+03
1687478400000,1687564799999,8.104000e-01,8.125000e-01,9.100000e-01,7.800000e-01,6.029068e+05,4.955611e+05,1.224000e+03
1687564800000,1687651199999,8.003000e-01,7.800000e-01,8.025000e-01,7.800000e-01,1.758233e+05,1.388746e+05,3.360000e+02
1687651200000,1687737599999,7.800000e-01,7.800000e-01,7.800000e-01,7.800000e-01,2.501570e+04,1.951225e+04,5.000000e+00
1687737600000,1687823999999,7.800000e-01,7.800000e-01,7.800000e-01,7.800000e-01,1.038260e+04,8.098428e+03,2.100000e+01
1687824000000,1687910399999,7.985000e-01,7.098000e-01,8.533000e-01,7.098000e-01,1.753513e+05,1.281640e+05,1.060000e+02
1687910400000,1687996799999,7.098000e-01,6.750000e-01,8.000000e-01,6.438000e-01,5.197876e+05,3.518067e+05,8.930000e+02
1687996800000,1688083199999,6.751000e-01,6.812000e-01,8.200000e-01,6.751000e-01,2.208040e+05,1.536243e+05,4.610000e+02
1688083200000,1688169599999,6.812000e-01,6.812000e-01,7.064000e-01,6.812000e-01,2.848830e+04,1.978490e+04,1.300000e+01
1688169600000,1688255999999,6.812000e-01,6.812000e-01,6.812000e-01,6.812000e-01,2.157410e+04,1.469628e+04,6.000000e+00
1688256000000,1688342399999,6.876000e-01,6.812000e-01,6.876000e-01,6.812000e-01,4.191340e+04,2.855420e+04,7.000000e+00
1688342400000,1688428799999,8.200000e-01,7.043000e-01,8.200000e-01,6.812000e-01,1.652397e+06,1.165164e+06,3.547000e+03
1688428800000,1688515199999,8.100000e-01,7.043000e-01,8.200000e-01,7.043000e-01,1.442732e+06,1.047508e+06,3.203000e+03
1688515200000,1688601599999,7.043000e-01,7.043000e-01,7.328000e-01,7.043000e-01,1.682317e+05,1.194579e+05,1.100000e+02
1688601600000,1688687999999,7.043000e-01,7.200000e-01,7.200000e-01,6.450000e-01,1.067714e+05,7.231734e+04,2.300000e+01
1688688000000,1688774399999,7.200000e-01,6.711000e-01,7.200000e-01,6.118000e-01,2.684749e+06,1.788335e+06,5.132000e+03
1688774400000,1688860799999,6.655000e-01,6.587000e-01,7.200000e-01,6.390000e-01,2.437881e+06,1.610091e+06,5.206000e+03
1688860800000,1688947199999,6.567000e-01,6.559000e-01,7.619000e-01,6.330000e-01,1.295652e+07,8.542649e+06,5.070000e+03
1688947200000,1689033599999,6.565000e-01,6.578000e-01,7.600000e-01,6.338000e-01,1.104331e+06,7.169941e+05,2.415000e+03
1689033600000,1689119999999,6.575000e-01,6.345000e-01,7.600000e-01,6.345000e-01,1.609359e+06,1.064316e+06,3.724000e+03
1689120000000,1689206399999,7.600000e-01,6.563000e-01,7.600000e-01,6.345000e-01,3.246962e+06,2.230530e+06,4.317000e+03
1689206400000,1689292799999,6.578000e-01,7.015000e-01,7.600000e-01,6.345000e-01,1.872610e+06,1.277612e+06,4.258000e+03
1689292800000,1689379199999,7.015000e-01,6.875000e-01,8.031000e-01,6.338000e-01,1.795416e+06,1.276083e+06,4.071000e+03
1689379200000,1689465599999,6.875000e-01,6.888000e-01,7.800000e-01,6.339000e-01,1.589905e+06,1.092566e+06,3.482000e+03
1689465600000,1689551999999,6.877000e-01,6.788000e-01,6.961000e-01,6.355000e-01,4.585245e+05,3.138428e+05,7.790000e+02
1689552000000,1689638399999,6.754000e-01,6.629000e-01,7.039000e-01,6.629000e-01,4.070890e+04,2.724320e+04,5.700000e+01
1689638400000,1689724799999,7.440000e-01,6.800000e-01,8.440000e-01,6.629000e-01,1.035196e+06,7.737441e+05,1.276000e+03
1689724800000,1689811199999,7.550000e-01,7.161000e-01,8.300000e-01,6.630000e-01,7.851792e+05,5.692471e+05,1.124000e+03
1689811200000,1689897599999,8.300000e-01,7.300000e-01,8.300000e-01,7.200000e-01,3.299601e+05,2.428005e+05,6.570000e+02
1689897600000,1689983999999,7.300000e-01,7.300000e-01,7.300000e-01,7.300000e-01,6.286230e+04,4.588948e+04,8.000000e+00
1689984000000,1690070399999,7.300000e-01,7.300000e-01,7.300000e-01,7.300000e-01,6.986280e+04,5.099984e+04,4.000000e+00
1690070400000,1690156799999,7.300000e-01,6.843000e-01,7.300000e-01,6.355000e-01,4.839117e+05,3.308484e+05,7.240000e+02
1690156800000,1690243199999,6.799000e-01,6.399000e-01,7.200000e-01,6.356000e-01,4.812684e+05,3.148863e+05,9.050000e+02
1690243200000,1690329599999,6.399000e-01,6.756000e-01,7.200000e-01,6.356000e-01,7.504513e+05,4.985769e+05,1.206000e+03
1690329600000,1690415999999,6.756000e-01,6.756000e-01,6.756000e-01,6.756000e-01,2.954890e+04,1.996324e+04,7.000000e+00
1690416000000,1690502399999,6.756000e-01,6.756000e-01,6.756000e-01,6.756000e-01,3.584250e+04,2.421519e+04,3.000000e+00
1690502400000,1690588799999,6.756000e-01,6.756000e-01,6.756000e-01,6.756000e-01,5.666980e+04,3.828612e+04,3.000000e+00
1690588800000,1690675199999,6.756000e-01,6.756000e-01,6.756000e-01,6.756000e-01,2.725600e+03,1.841415e+03,3.000000e+00
1690675200000,1690761599999,7.270000e-01,6.756000e-01,7.270000e-01,6.756000e-01,2.303540e+04,1.564611e+04,6.000000e+00
1690761600000,1690847999999,6.800000e-01,6.756000e-01,6.800000e-01,6.756000e-01,5.795460e+04,3.918972e+04,2.200000e+01
1690848000000,1690934399999,6.756000e-01,6.756000e-01,6.756000e-01,6.756000e-01,2.364560e+04,1.597497e+04,4.000000e+00
1690934400000,1691020799999,6.756000e-01,6.756000e-01,6.756000e-01,6.756000e-01,1.537830e+04,1.038958e+04,4.000000e+00
1691020800000,1691107199999,6.756000e-01,6.756000e-01,6.800000e-01,6.756000e-01,1.229680e+04,8.318588e+03,7.000000e+00
1691107200000,1691193599999,6.756000e-01,6.756000e-01,6.756000e-01,6.756000e-01,1.677370e+04,1.133231e+04,9.000000e+00
1691193600000,1691279999999,6.756000e-01,6.756000e-01,6.756000e-01,6.756000e-01,0.000000e+00,0.000000e+00,0.000000e+00
1691280000000,1691366399999,6.756000e-01,6.756000e-01,6.756000e-01,6.756000e-01,1.253510e+05,8.468714e+04,2.000000e+00
1691366400000,1691452799999,6.756000e-01,6.756000e-01,6.756000e-01,6.756000e-01,5.721720e+04,3.865594e+04,7.000000e+00
1691452800000,1691539199999,6.756000e-01,6.800000e-01,6.800000e-01,6.756000e-01,3.600600e+03,2.445519e+03,2.000000e+00
1691539200000,1691625599999,6.800000e-01,6.800000e-01,6.800000e-01,6.800000e-01,4.601100e+03,3.128748e+03,7.000000e+00
1691625600000,1691711999999,6.800000e-01,6.800000e-01,6.800000e-01,6.800000e-01,9.577000e+02,6.512360e+02,1.000000e+00
1691712000000,1691798399999,6.800000e-01,6.756000e-01,6.800000e-01,6.756000e-01,4.148910e+04,2.803662e+04,9.000000e+00
1691798400000,1691884799999,6.831000e-01,6.756000e-01,6.831000e-01,6.756000e-01,3.178300e+03,2.147478e+03,2.000000e+00
1691884800000,1691971199999,6.756000e-01,6.756000e-01,6.756000e-01,6.756000e-01,2.226120e+04,1.503967e+04,3.000000e+00
1691971200000,1692057599999,6.756000e-01,6.756000e-01,6.756000e-01,6.756000e-01,1.905900e+03,1.287626e+03,6.000000e+00
1692057600000,1692143999999,6.756000e-01,6.756000e-01,6.756000e-01,6.756000e-01,6.535500e+03,4.415384e+03,1.100000e+01
1692144000000,1692230399999,6.756000e-01,6.756000e-01,6.756000e-01,6.756000e-01,3.880740e+04,2.621828e+04,5.000000e+00
1692230400000,1692316799999,6.756000e-01,6.756000e-01,6.756000e-01,6.756000e-01,4.756710e+04,3.213633e+04,1.600000e+01
1692316800000,1692403199999,6.756000e-01,6.756000e-01,6.756000e-01,6.756000e-01,2.915340e+04,1.969604e+04,1.400000e+01
1692403200000,1692489599999,6.756000e-01,6.355000e-01,6.756000e-01,6.355000e-01,2.748978e+06,1.857019e+06,2.100000e+01
1692489600000,1692575999999,6.370000e-01,6.355000e-01,6.370000e-01,6.355000e-01,1.252839e+05,7.961839e+04,2.000000e+01
1692576000000,1692662399999,6.355000e-01,5.960000e-01,6.355000e-01,5.960000e-01,6.806840e+04,4.179764e+04,2.800000e+01
1692662400000,1692748799999,5.960000e-01,5.950000e-01,5.960000e-01,5.950000e-01,1.117900e+04,6.659894e+03,9.000000e+00
1692748800000,1692835199999,5.950000e-01,6.076000e-01,6.756000e-01,5.349000e-01,5.698642e+05,3.456496e+05,1.950000e+02
1692835200000,1692921599999,6.178000e-01,5.300000e-01,6.756000e-01,5.300000e-01,5.729117e+06,3.175165e+06,4.090000e+02
1692921600000,1693007999999,5.596000e-01,5.200000e-01,6.287000e-01,5.200000e-01,8.192330e+04,4.411680e+04,1.060000e+02
1693008000000,1693094399999,5.540000e-01,6.756000e-01,6.756000e-01,5.149000e-01,9.664333e+05,5.706774e+05,3.410000e+02
1693094400000,1693180799999,5.964000e-01,5.150000e-01,6.756000e-01,5.149000e-01,2.737174e+05,1.539763e+05,7.200000e+01
1693180800000,1693267199999,5.782000e-01,5.508000e-01,6.000000e-01,5.149000e-01,1.430227e+05,7.611046e+04,1.580000e+02
1693267200000,1693353599999,5.490000e-01,5.400000e-01,5.563000e-01,5.400000e-01,5.994280e+04,3.240055e+04,3.000000e+01
1693353600000,1693439999999,6.000000e-01,6.000000e-01,6.000000e-01,4.453000e-01,3.594518e+06,1.825697e+06,1.740000e+02
1693440000000,1693526399999,6.000000e-01,5.057000e-01,6.000000e-01,4.600000e-01,6.141243e+05,3.104433e+05,6.320000e+02
1693526400000,1693612799999,5.911000e-01,4.930000e-01,5.911000e-01,4.822000e-01,9.558550e+04,4.867276e+04,1.150000e+02
1693612800000,1693699199999,4.930000e-01,4.951000e-01,5.006000e-01,4.600000e-01,2.411998e+05,1.177564e+05,1.800000e+02
1693699200000,1693785599999,4.951000e-01,4.839000e-01,5.109000e-01,4.839000e-01,8.724630e+04,4.286418e+04,8.000000e+01
1693785600000,1693871999999,4.839000e-01,4.839000e-01,5.000000e-01,4.839000e-01,7.300980e+04,3.549044e+04,1.000000e+01
1693872000000,1693958399999,4.839000e-01,4.886000e-01,4.998000e-01,4.839000e-01,4.895300e+04,2.409672e+04,8.900000e+01
1693958400000,1694044799999,4.886000e-01,4.861000e-01,4.952000e-01,4.839000e-01,1.508250e+04,7.355030e+03,1.700000e+01
1694044800000,1694131199999,4.861000e-01,4.900000e-01,4.900000e-01,4.861000e-01,3.244000e+02,1.580918e+02,2.000000e+00
1694131200000,1694217599999,4.900000e-01,4.861000e-01,4.900000e-01,4.861000e-01,3.289580e+04,1.600195e+04,3.200000e+01
1694217600000,1694303999999,4.861000e-01,4.861000e-01,4.861000e-01,4.861000e-01,7.380440e+04,3.587632e+04,5.000000e+00
1694304000000,1694390399999,4.861000e-01,4.861000e-01,4.861000e-01,4.861000e-01,9.189600e+04,4.467065e+04,1.600000e+01
1694390400000,1694476799999,4.861000e-01,4.861000e-01,4.861000e-01,4.861000e-01,1.510850e+04,7.344242e+03,9.000000e+00
1694476800000,1694563199999,4.861000e-01,4.861000e-01,4.950000e-01,4.861000e-01,1.130936e+05,5.498765e+04,6.000000e+00
1694563200000,1694649599999,4.861000e-01,4.861000e-01,4.861000e-01,4.861000e-01,4.397390e+04,2.137571e+04,1.200000e+01
1694649600000,1694735999999,4.861000e-01,4.861000e-01,4.870000e-01,4.861000e-01,8.828600e+03,4.295278e+03,1.100000e+01
1694736000000,1694822399999,4.861000e-01,4.861000e-01,4.861000e-01,4.861000e-01,1.241630e+04,6.035563e+03,5.000000e+00
1694822400000,1694908799999,4.861000e-01,5.350000e-01,5.350000e-01,4.861000e-01,4.116300e+04,2.047488e+04,2.000000e+01
1694908800000,1694995199999,4.861000e-01,4.861000e-01,4.861000e-01,4.861000e-01,1.010760e+05,4.913304e+04,1.900000e+01
1694995200000,1695081599999,4.861000e-01,4.861000e-01,4.862000e-01,4.861000e-01,1.131340e+04,5.499446e+03,4.000000e+00
1695081600000,1695167999999,4.861000e-01,4.861000e-01,4.861000e-01,4.861000e-01,5.553000e+02,2.699313e+02,5.000000e+00
1695168000000,1695254399999,4.861000e-01,4.861000e-01,4.861000e-01,4.861000e-01,7.810470e+04,3.796669e+04,5.000000e+00
1695254400000,1695340799999,4.861000e-01,4.861000e-01,4.861000e-01,4.861000e-01,4.281010e+04,2.080999e+04,5.000000e+00
1695340800000,1695427199999,4.900000e-01,5.005000e-01,5.005000e-01,4.900000e-01,8.130000e+01,4.006011e+01,4.000000e+00
1695427200000,1695513599999,5.005000e-01,4.861000e-01,5.005000e-01,4.861000e-01,3.894210e+04,1.916734e+04,3.500000e+01
1695513600000,1695599999999,4.861000e-01,4.864000e-01,4.900000e-01,4.861000e-01,5.461170e+04,2.654705e+04,1.300000e+01
1695600000000,1695686399999,4.864000e-01,4.861000e-01,5.000000e-01,4.861000e-01,4.962360e+04,2.412359e+04,1.000000e+01
1695686400000,1695772799999,4.861000e-01,4.861000e-01,4.861000e-01,4.861000e-01,0.000000e+00,0.000000e+00,0.000000e+00
1695772800000,1695859199999,4.861000e-01,4.861000e-01,4.861000e-01,4.861000e-01,3.651600e+03,1.775043e+03,8.000000e+00
1695859200000,1695945599999,4.861000e-01,4.861000e-01,4.861000e-01,4.861000e-01,3.262800e+03,1.586047e+03,3.000000e+00
1695945600000,1696031999999,4.861000e-01,4.861000e-01,5.275000e-01,4.861000e-01,1.899123e+05,9.657390e+04,3.800000e+01
1696032000000,1696118399999,4.868000e-01,5.275000e-01,5.275000e-01,4.861000e-01,1.064765e+05,5.355797e+04,1.900000e+01
1696118400000,1696204799999,5.275000e-01,5.275000e-01,5.275000e-01,4.861000e-01,2.572278e+05,1.332478e+05,2.200000e+01
1696204800000,1696291199999,5.275000e-01,4.862000e-01,5.275000e-01,4.862000e-01,2.179705e+05,1.101826e+05,2.200000e+01
1696291200000,1696377599999,4.862000e-01,4.862000e-01,5.275000e-01,4.862000e-01,4.621210e+05,2.262988e+05,1.800000e+01
1696377600000,1696463999999,4.862000e-01,4.862000e-01,4.862000e-01,4.862000e-01,1.058320e+04,5.145552e+03,4.000000e+00
1696464000000,1696550399999,4.862000e-01,4.962000e-01,4.962000e-01,4.862000e-01,3.712000e+02,1.825334e+02,4.000000e+00
1696550400000,1696636799999,4.962000e-01,4.962000e-01,4.962000e-01,4.962000e-01,4.350000e+01,2.158470e+01,1.000000e+00
1696636800000,1696723199999,5.111000e-01,4.862000e-01,5.111000e-01,4.862000e-01,5.652910e+04,2.776461e+04,1.100000e+01
1696723200000,1696809599999,4.862000e-01,4.862000e-01,4.862000e-01,4.862000e-01,3.085100e+03,1.499976e+03,1.000000e+00
1696809600000,1696895999999,4.888000e-01,4.862000e-01,4.888000e-01,4.862000e-01,5.704570e+04,2.773565e+04,1.100000e+01
1696896000000,1696982399999,4.862000e-01,4.862000e-01,4.862000e-01,4.862000e-01,7.534400e+03,3.663225e+03,2.000000e+00
1696982400000,1697068799999,4.862000e-01,4.862000e-01,4.862000e-01,4.862000e-01,2.823900e+03,1.372980e+03,3.000000e+00
1697068800000,1697155199999,4.862000e-01,4.800000e-01,4.862000e-01,4.800000e-01,4.877377e+06,2.360443e+06,3.600000e+01
1697155200000,1697241599999,4.719000e-01,4.719000e-01,4.719000e-01,4.170000e-01,7.874250e+04,3.606692e+04,2.000000e+01
1697241600000,1697327999999,4.719000e-01,4.719000e-01,4.719000e-01,4.170000e-01,8.891700e+03,4.183300e+03,6.000000e+00
1697328000000,1697414399999,4.170000e-01,4.038000e-01,4.170000e-01,4.038000e-01,5.770720e+04,2.401529e+04,2.300000e+01
1697414400000,1697500799999,4.719000e-01,4.038000e-01,4.839000e-01,4.038000e-01,6.131600e+03,2.778062e+03,1.200000e+01
1697500800000,1697587199999,4.100000e-01,4.039000e-01,4.105000e-01,4.039000e-01,1.056621e+05,4.283744e+04,1.900000e+01
1697587200000,1697673599999,4.039000e-01,4.039000e-01,4.039000e-01,4.039000e-01,1.001000e+03,4.043039e+02,2.900000e+01
1697673600000,1697759999999,4.039000e-01,4.039000e-01,4.039000e-01,4.039000e-01,1.994120e+04,8.054251e+03,1.200000e+01
1697760000000,1697846399999,4.039000e-01,4.039000e-01,4.039000e-01,4.039000e-01,5.473900e+04,2.210908e+04,9.000000e+00
1697846400000,1697932799999,4.039000e-01,4.039000e-01,4.039000e-01,4.039000e-01,1.634050e+04,6.599928e+03,3.000000e+00
1697932800000,1698019199999,4.039000e-01,4.038000e-01,4.039000e-01,4.038000e-01,2.666650e+04,1.076836e+04,1.000000e+01
1698019200000,1698105599999,4.038000e-01,4.038000e-01,4.100000e-01,4.038000e-01,5.336090e+04,2.155827e+04,9.000000e+00
1698105600000,1698191999999,4.072000e-01,4.038000e-01,4.529000e-01,4.038000e-01,3.664200e+04,1.480484e+04,1.500000e+01
1698192000000,1698278399999,4.038000e-01,4.038000e-01,4.038000e-01,4.038000e-01,2.851530e+04,1.151448e+04,5.000000e+00
1698278400000,1698364799999,4.739000e-01,4.417000e-01,4.739000e-01,4.416000e-01,5.863400e+03,2.591688e+03,5.000000e+00
1698364800000,1698451199999,4.419000e-01,4.419000e-01,4.480000e-01,4.419000e-01,3.797840e+04,1.682854e+04,1.100000e+01
1698451200000,1698537599999,5.275000e-01,5.275000e-01,5.275000e-01,4.038000e-01,2.473984e+05,1.165657e+05,4.700000e+01
1698537600000,1698623999999,3.900000e-01,5.000000e-01,5.000000e-01,3.900000e-01,9.703000e+02,4.569460e+02,3.000000e+00
1698624000000,1698710399999,5.000000e-01,5.295000e-01,5.295000e-01,3.900000e-01,2.628904e+05,1.219283e+05,2.900000e+01
1698710400000,1698796799999,5.295000e-01,3.950000e-01,5.295000e-01,3.900000e-01,1.508070e+04,6.157318e+03,3.000000e+01
1698796800000,1698883199999,3.950000e-01,5.295000e-01,5.295000e-01,3.950000e-01,3.730970e+04,1.875295e+04,1.100000e+01
1698883200000,1698969599999,3.950000e-01,3.900000e-01,5.295000e-01,3.900000e-01,2.351383e+05,1.086008e+05,3.500000e+01
1698969600000,1699055999999,3.900000e-01,3.900000e-01,4.440000e-01,3.900000e-01,6.122450e+04,2.388136e+04,9.000000e+00
1699056000000,1699142399999,3.900000e-01,5.297000e-01,5.300000e-01,3.900000e-01,4.724754e+05,2.143843e+05,2.000000e+01
1699142400000,1699228799999,5.297000e-01,4.960000e-01,5.297000e-01,4.960000e-01,1.130395e+05,5.926210e+04,2.100000e+01
1699228800000,1699315199999,4.960000e-01,4.960000e-01,4.960000e-01,4.960000e-01,7.135580e+04,3.539248e+04,1.900000e+01
1699315200000,1699401599999,5.230000e-01,5.300000e-01,5.300000e-01,5.230000e-01,3.223390e+04,1.708007e+04,9.000000e+00
1699401600000,1699487999999,5.300000e-01,5.250000e-01,5.999000e-01,5.250000e-01,5.294050e+05,2.855425e+05,3.400000e+01
1699488000000,1699574399999,5.250000e-01,5.295000e-01,5.295000e-01,5.250000e-01,2.189400e+03,1.155394e+03,6.000000e+00
1699574400000,1699660799999,5.295000e-01,6.000000e-01,6.000000e-01,5.295000e-01,2.243390e+04,1.197048e+04,1.400000e+01
1699660800000,1699747199999,6.000000e-01,6.025000e-01,6.025000e-01,5.295000e-01,7.060300e+04,4.070094e+04,1.400000e+01
1699747200000,1699833599999,6.025000e-01,6.500000e-01,6.995000e-01,5.295000e-01,1.052907e+05,6.462474e+04,3.200000e+01
1699833600000,1699919999999,6.500000e-01,6.266000e-01,6.995000e-01,6.266000e-01,2.353426e+05,1.579643e+05,4.700000e+01
1699920000000,1700006399999,6.266000e-01,6.367000e-01,6.367000e-01,4.966000e-01,1.216600e+04,7.552773e+03,9.700000e+01
1700006400000,1700092799999,6.366000e-01,5.600000e-01,6.366000e-01,5.600000e-01,5.268810e+04,3.002062e+04,8.000000e+00
1700092800000,1700179199999,5.600000e-01,5.500000e-01,5.715000e-01,5.500000e-01,1.234420e+04,6.876743e+03,1.300000e+01
1700179200000,1700265599999,5.870000e-01,5.459000e-01,5.963000e-01,5.405000e-01,3.860800e+03,2.282540e+03,1.500000e+01
1700265600000,1700351999999,5.459000e-01,5.757000e-01,5.757000e-01,5.279000e-01,2.135800e+04,1.130398e+04,9.000000e+00
1700352000000,1700438399999,5.757000e-01,5.757000e-01,5.757000e-01,5.757000e-01,7.970000e+01,4.588329e+01,2.000000e+00
1700438400000,1700524799999,5.757000e-01,5.757000e-01,5.757000e-01,5.757000e-01,3.255600e+03,1.874249e+03,5.000000e+00
1700524800000,1700611199999,5.713000e-01,5.283000e-01,5.713000e-01,5.282000e-01,3.866850e+04,2.070200e+04,2.300000e+01
1700611200000,1700697599999,5.283000e-01,5.283000e-01,5.283000e-01,5.283000e-01,8.598000e+02,4.542323e+02,3.000000e+00
1700697600000,1700783999999,5.283000e-01,5.270000e-01,5.283000e-01,5.270000e-01,1.758040e+04,9.277123e+03,2.200000e+01
1700784000000,1700870399999,6.000000e-01,6.230000e-01,7.000000e-01,5.270000e-01,8.425040e+04,4.930980e+04,2.200000e+01
1700870400000,1700956799999,7.395000e-01,7.395000e-01,7.395000e-01,6.753000e-01,1.705899e+05,1.261361e+05,3.400000e+01
1700956800000,1701043199999,7.395000e-01,6.230000e-01,7.395000e-01,6.230000e-01,1.491000e+04,9.846814e+03,1.100000e+01
1701043200000,1701129599999,6.366000e-01,6.075000e-01,6.366000e-01,6.075000e-01,5.763830e+04,3.559734e+04,2.600000e+01
1701129600000,1701215999999,5.858000e-01,5.868000e-01,6.200000e-01,5.677000e-01,5.501590e+04,3.255069e+04,5.100000e+01
1701216000000,1701302399999,5.868000e-01,5.870000e-01,6.100000e-01,5.868000e-01,1.479340e+04,8.692780e+03,1.500000e+01
1701302400000,1701388799999,6.105000e-01,5.948000e-01,6.105000e-01,5.870000e-01,9.810000e+02,5.857837e+02,2.500000e+01
1701388800000,1701475199999,5.948000e-01,6.150000e-01,6.170000e-01,5.948000e-01,6.185000e+03,3.809460e+03,9.000000e+00
1701475200000,1701561599999,6.150000e-01,6.150000e-01,6.150000e-01,6.150000e-01,0.000000e+00,0.000000e+00,0.000000e+00
1701561600000,1701647999999,6.500000e-01,6.500000e-01,6.500000e-01,6.500000e-01,1.416190e+04,9.205235e+03,7.000000e+00
1701648000000,1701734399999,5.930000e-01,6.090000e-01,6.090000e-01,5.930000e-01,3.670000e+02,2.209796e+02,1.200000e+01
1701734400000,1701820799999,6.150000e-01,6.090000e-01,6.343000e-01,6.090000e-01,2.928930e+04,1.784115e+04,1.600000e+01
1701820800000,1701907199999,6.090000e-01,6.090000e-01,6.090000e-01,6.090000e-01,0.000000e+00,0.000000e+00,0.000000e+00
1701907200000,1701993599999,6.199000e-01,6.066000e-01,6.199000e-01,6.066000e-01,1.256800e+03,7.640906e+02,6.000000e+00
1701993600000,1702079999999,6.780000e-01,7.995000e-01,7.995000e-01,6.780000e-01,2.553615e+05,1.836701e+05,1.200000e+01
1702080000000,1702166399999,6.900000e-01,7.190000e-01,7.995000e-01,6.900000e-01,6.124970e+04,4.828358e+04,1.100000e+01
1702166400000,1702252799999,7.190000e-01,7.834000e-01,7.995000e-01,7.190000e-01,2.515000e+03,1.939564e+03,3.000000e+00
1702252800000,1702339199999,7.834000e-01,7.834000e-01,7.834000e-01,7.834000e-01,0.000000e+00,0.000000e+00,0.000000e+00
1702339200000,1702425599999,6.578000e-01,6.578000e-01,6.578000e-01,6.578000e-01,1.858720e+04,1.222666e+04,8.000000e+00
1702425600000,1702511999999,6.578000e-01,6.578000e-01,6.578000e-01,6.578000e-01,2.663710e+04,1.752188e+04,7.000000e+00
1702512000000,1702598399999,6.578000e-01,6.578000e-01,6.578000e-01,6.578000e-01,1.658800e+04,1.091159e+04,2.000000e+00
1702598400000,1702684799999,6.578000e-01,6.578000e-01,6.578000e-01,6.578000e-01,0.000000e+00,0.000000e+00,0.000000e+00
1702684800000,1702771199999,6.494000e-01,6.578000e-01,6.578000e-01,6.494000e-01,1.590000e+02,1.032966e+02,2.000000e+00
1702771200000,1702857599999,6.578000e-01,6.235000e-01,6.578000e-01,6.235000e-01,1.500200e+03,9.849073e+02,5.000000e+00
1702857600000,1702943999999,6.235000e-01,5.100000e-01,6.235000e-01,5.100000e-01,2.953070e+04,1.595303e+04,6.000000e+00
1702944000000,1703030399999,6.200000e-01,6.342000e-01,7.995000e-01,6.200000e-01,7.036700e+03,4.410544e+03,1.200000e+01
1703030400000,1703116799999,6.342000e-01,6.956000e-01,7.995000e-01,6.342000e-01,3.444860e+04,2.406965e+04,3.000000e+01
1703116800000,1703203199999,6.959000e-01,6.956000e-01,6.959000e-01,6.956000e-01,7.390000e+03,5.140493e+03,4.000000e+00
1703203200000,1703289599999,6.956000e-01,6.956000e-01,6.956000e-01,6.956000e-01,3.377360e+04,2.349292e+04,5.250000e+02
1703289600000,1703375999999,8.395000e-01,6.956000e-01,8.395000e-01,6.956000e-01,6.227720e+04,5.036515e+04,1.400000e+01
1703376000000,1703462399999,8.395000e-01,8.395000e-01,8.395000e-01,6.956000e-01,9.941000e+03,6.943615e+03,5.000000e+00
1703462400000,1703548799999,8.395000e-01,8.395000e-01,8.395000e-01,6.956000e-01,5.864730e+04,4.330930e+04,2.900000e+01
1703548800000,1703635199999,8.395000e-01,8.780000e-01,8.788000e-01,7.975000e-01,9.789630e+04,8.259503e+04,2.000000e+01
1703635200000,1703721599999,8.780000e-01,8.588000e-01,8.780000e-01,8.588000e-01,5.206100e+03,4.474879e+03,5.000000e+00
1703721600000,1703807999999,8.588000e-01,8.324000e-01,8.588000e-01,8.324000e-01,7.444000e+03,6.321400e+03,5.000000e+00
1703808000000,1703894399999,8.324000e-01,9.100000e-01,9.100000e-01,8.100000e-01,2.141300e+04,1.792560e+04,1.700000e+01
1703894400000,1703980799999,9.100000e-01,9.100000e-01,9.100000e-01,9.100000e-01,3.994300e+03,3.634813e+03,7.000000e+00
1703980800000,1704067199999,7.973000e-01,7.973000e-01,8.210000e-01,7.973000e-01,1.686380e+04,1.345132e+04,9.000000e+00
1704067200000,1704153599999,7.673000e-01,7.673000e-01,7.673000e-01,7.673000e-01,4.464500e+03,3.425611e+03,8.000000e+00
1704153600000,1704239999999,7.673000e-01,8.885000e-01,8.885000e-01,7.673000e-01,1.935297e+05,1.485331e+05,2.500000e+01
1704240000000,1704326399999,8.885000e-01,7.622000e-01,8.887000e-01,7.622000e-01,9.111100e+03,7.986218e+03,1.300000e+01
1704326400000,1704412799999,7.623000e-01,8.449000e-01,8.477000e-01,7.623000e-01,1.268648e+05,1.068097e+05,4.010000e+02
1704412800000,1704499199999,8.449000e-01,8.092000e-01,8.449000e-01,8.092000e-01,3.818240e+04,3.183793e+04,1.300000e+01
1704499200000,1704585599999,8.116000e-01,8.681000e-01,9.134000e-01,7.200000e-01,9.143960e+04,7.747978e+04,3.100000e+01
1704585600000,1704671999999,8.681000e-01,8.100000e-01,9.653000e-01,7.550000e-01,6.855690e+04,6.073938e+04,2.300000e+01
1704672000000,1704758399999,8.000000e-01,8.888000e-01,8.888000e-01,6.900000e-01,3.829230e+04,2.990564e+04,2.500000e+01
1704758400000,1704844799999,7.500000e-01,8.888000e-01,8.888000e-01,7.500000e-01,9.269580e+04,8.146270e+04,4.000000e+01
1704844800000,1704931199999,7.942000e-01,9.137000e-01,9.137000e-01,7.942000e-01,1.900020e+04,1.708268e+04,1.200000e+01
1704931200000,1705017599999,9.137000e-01,9.890000e-01,1.060000e+00,8.856000e-01,4.355920e+04,4.217279e+04,2.100000e+01
1705017600000,1705103999999,1.109300e+00,1.100000e+00,1.200000e+00,9.890000e-01,2.450850e+04,2.656160e+04,3.800000e+01
1705104000000,1705190399999,1.100000e+00,1.250000e+00,1.383600e+00,1.100000e+00,1.802157e+05,2.337588e+05,8.600000e+01
1705190400000,1705276799999,1.250000e+00,1.200000e+00,1.337300e+00,1.200000e+00,1.779890e+04,2.209331e+04,2.400000e+01
1705276800000,1705363199999,1.200000e+00,1.454400e+00,1.580000e+00,1.179200e+00,1.169227e+05,1.624479e+05,1.620000e+02
1705363200000,1705449599999,1.455100e+00,1.261300e+00,1.462800e+00,1.105000e+00,6.876430e+04,8.665713e+04,6.300000e+01
1705449600000,1705535999999,1.278400e+00,1.242100e+00,1.383600e+00,1.138800e+00,4.600710e+04,5.717219e+04,4.900000e+01
1705536000000,1705622399999,1.290000e+00,1.242000e+00,1.433100e+00,1.242000e+00,5.508350e+04,6.979452e+04,5.000000e+01
1705622400000,1705708799999,1.242000e+00,1.242000e+00,1.242000e+00,1.242000e+00,4.886610e+04,6.069170e+04,2.500000e+01
1705708800000,1705795199999,1.242000e+00,1.068400e+00,1.242000e+00,9.500000e-01,1.222238e+05,1.360633e+05,3.200000e+01
1705795200000,1705881599999,1.083000e+00,1.083700e+00,1.083700e+00,1.083000e+00,2.356000e+02,2.553162e+02,2.000000e+00
1705881600000,1705967999999,1.083700e+00,1.090000e+00,1.092500e+00,1.034700e+00,4.772730e+04,5.164407e+04,4.700000e+01
1705968000000,1706054399999,1.090000e+00,1.167000e+00,1.167000e+00,1.017000e+00,4.106740e+04,4.606475e+04,2.800000e+01
1706054400000,1706140799999,1.167000e+00,1.248200e+00,1.500000e+00,1.167000e+00,9.859060e+04,1.306193e+05,5.300000e+01
1706140800000,1706227199999,1.248200e+00,1.260000e+00,1.260000e+00,1.010000e+00,1.265711e+05,1.581792e+05,4.600000e+01
1706227200000,1706313599999,1.160000e+00,1.450300e+00,1.600000e+00,1.130000e+00,5.571980e+04,7.757269e+04,5.100000e+01
1706313600000,1706399999999,1.450300e+00,1.390400e+00,1.450300e+00,1.390300e+00,2.279050e+04,3.186997e+04,2.900000e+01
1706400000000,1706486399999,1.390400e+00,1.395000e+00,1.395000e+00,1.324700e+00,1.907370e+04,2.641744e+04,2.300000e+01
1706486400000,1706572799999,1.395000e+00,1.547500e+00,1.742100e+00,1.322800e+00,5.346010e+04,7.999120e+04,5.000000e+01
1706572800000,1706659199999,1.560000e+00,1.395000e+00,1.743200e+00,1.312000e+00,4.637190e+04,7.194660e+04,6.600000e+01
1706659200000,1706745599999,1.395000e+00,1.535100e+00,1.535100e+00,1.395000e+00,1.944550e+04,2.912370e+04,1.900000e+01
1706745600000,1706831999999,1.535100e+00,1.290000e+00,1.535100e+00,1.290000e+00,2.918010e+04,4.352541e+04,3.400000e+01
1706832000000,1706918399999,1.290000e+00,1.300000e+00,1.503900e+00,1.290000e+00,2.513930e+04,3.249924e+04,1.500000e+01
1706918400000,1707004799999,1.300000e+00,1.290000e+00,1.411500e+00,1.290000e+00,3.063480e+04,4.016149e+04,1.600000e+01
1707004800000,1707091199999,1.290000e+00,1.550000e+00,1.620000e+00,1.290000e+00,2.940460e+04,4.283668e+04,2.600000e+01
1707091200000,1707177599999,1.550000e+00,1.568500e+00,1.568500e+00,1.400000e+00,4.391850e+04,6.692997e+04,3.700000e+01
1707177600000,1707263999999,1.568500e+00,1.550000e+00,1.596000e+00,1.290000e+00,2.066360e+04,3.196318e+04,2.900000e+01
1707264000000,1707350399999,1.550000e+00,1.530000e+00,1.550000e+00,1.290000e+00,2.256460e+04,3.366628e+04,2.400000e+01
1707350400000,1707436799999,1.555000e+00,1.546000e+00,1.555000e+00,1.546000e+00,2.325720e+04,3.599580e+04,1.600000e+01
1707436800000,1707523199999,1.546000e+00,1.546000e+00,2.000000e+00,1.546000e+00,9.571300e+03,1.634341e+04,1.381000e+03
1707523200000,1707609599999,1.786600e+00,1.546000e+00,1.804700e+00,1.546000e+00,3.012350e+04,5.154381e+04,4.220000e+02
1707609600000,1707695999999,1.546000e+00,1.705200e+00,1.752300e+00,1.546000e+00,7.257500e+03,1.156064e+04,1.900000e+01
1707696000000,1707782399999,1.705200e+00,1.876000e+00,1.876000e+00,1.705200e+00,3.320900e+04,5.841506e+04,2.000000e+01
1707782400000,1707868799999,1.761900e+00,1.851000e+00,1.858900e+00,1.761900e+00,2.510330e+04,4.614400e+04,1.400000e+01
1707868800000,1707955199999,1.851000e+00,1.920000e+00,1.928000e+00,1.851000e+00,4.904200e+03,9.365543e+03,1.100000e+01
1707955200000,1708041599999,1.920000e+00,1.920000e+00,1.920000e+00,1.920000e+00,5.200000e+01,9.984000e+01,1.000000e+00
1708041600000,1708127999999,1.920000e+00,1.830000e+00,1.920000e+00,1.830000e+00,1.109730e+04,2.088576e+04,1.300000e+01
1708128000000,1708214399999,1.770000e+00,1.762000e+00,1.830000e+00,1.762000e+00,2.672000e+03,4.708427e+03,6.000000e+00
1708214400000,1708300799999,1.772000e+00,1.772000e+00,1.772000e+00,1.772000e+00,3.268560e+04,5.791888e+04,1.200000e+01
1708300800000,1708387199999,1.772000e+00,1.772000e+00,1.772000e+00,1.772000e+00,1.806920e+04,3.201862e+04,2.900000e+01
1708387200000,1708473599999,1.772000e+00,1.772000e+00,1.772000e+00,1.772000e+00,2.344060e+04,4.153674e+04,2.500000e+01
1708473600000,1708559999999,1.772100e+00,1.772000e+00,1.772100e+00,1.772000e+00,1.672220e+04,2.963248e+04,2.400000e+01
1708560000000,1708646399999,1.773000e+00,1.773000e+00,1.773000e+00,1.773000e+00,7.184520e+04,1.273815e+05,1.400000e+01
1708646400000,1708732799999,1.773000e+00,1.773000e+00,1.773000e+00,1.773000e+00,1.129990e+04,2.003472e+04,1.200000e+01
1708732800000,1708819199999,1.775000e+00,1.775000e+00,1.775000e+00,1.775000e+00,3.605400e+03,6.399585e+03,7.000000e+00
1708819200000,1708905599999,1.775000e+00,1.775000e+00,1.775000e+00,1.775000e+00,8.379300e+03,1.487326e+04,5.000000e+00
1708905600000,1708991999999,1.775000e+00,1.775000e+00,1.775000e+00,1.775000e+00,1.938990e+04,3.441707e+04,8.000000e+00
1708992000000,1709078399999,1.775000e+00,1.775000e+00,1.775000e+00,1.775000e+00,2.570290e+04,4.562265e+04,4.000000e+00
1709078400000,1709164799999,1.775000e+00,1.775000e+00,1.775000e+00,1.775000e+00,1.431370e+04,2.540682e+04,1.500000e+01
1709164800000,1709251199999,1.775000e+00,1.775000e+00,1.864000e+00,1.775000e+00,3.988110e+04,7.078902e+04,9.000000e+00
1709251200000,1709337599999,1.864000e+00,1.864000e+00,1.864000e+00,1.775000e+00,3.688600e+03,6.559111e+03,1.200000e+01
1709337600000,1709423999999,1.864000e+00,1.775000e+00,1.864000e+00,1.775000e+00,1.163800e+04,2.074621e+04,1.600000e+01
1709424000000,1709510399999,1.864000e+00,1.775000e+00,1.864000e+00,1.775000e+00,4.561800e+04,8.098535e+04,1.300000e+01
1709510400000,1709596799999,1.775100e+00,1.775000e+00,1.775100e+00,1.775000e+00,4.539200e+04,8.057090e+04,7.000000e+00
1709596800000,1709683199999,1.775000e+00,1.775000e+00,1.775000e+00,1.775000e+00,3.079501e+05,5.466114e+05,6.000000e+01
1709683200000,1709769599999,1.775000e+00,1.775000e+00,1.775000e+00,1.775000e+00,1.048700e+03,1.861443e+03,3.400000e+01
1709769600000,1709855999999,1.775000e+00,1.775000e+00,1.775000e+00,1.775000e+00,1.433300e+04,2.544108e+04,6.000000e+00
1709856000000,1709942399999,1.775000e+00,1.775000e+00,1.775000e+00,1.775000e+00,7.311300e+03,1.297756e+04,2.000000e+00
1709942400000,1710028799999,1.775000e+00,1.775000e+00,1.775000e+00,1.775000e+00,1.108630e+04,1.967818e+04,4.000000e+00
1710028800000,1710115199999,1.775000e+00,1.775000e+00,1.775000e+00,1.775000e+00,2.987240e+04,5.302351e+04,5.000000e+00
1710115200000,1710201599999,1.775000e+00,1.775000e+00,1.775000e+00,1.775000e+00,7.418400e+03,1.316766e+04,7.000000e+00
1710201600000,1710287999999,1.775000e+00,1.775000e+00,1.775000e+00,1.775000e+00,3.928000e+03,6.972200e+03,6.000000e+00
1710288000000,1710374399999,1.775000e+00,1.775000e+00,1.775000e+00,1.775000e+00,0.000000e+00,0.000000e+00,0.000000e+00
1710374400000,1710460799999,1.775000e+00,1.775000e+00,1.775000e+00,1.775000e+00,1.668440e+04,2.961481e+04,2.000000e+00
1710460800000,1710547199999,1.775000e+00,1.775000e+00,1.775000e+00,1.775000e+00,6.410000e+01,1.137775e+02,1.000000e+00
1710547200000,1710633599999,1.775000e+00,1.775000e+00,1.775000e+00,1.775000e+00,6.034000e+03,1.071035e+04,1.200000e+01
1710633600000,1710719999999,1.775000e+00,1.775000e+00,1.775200e+00,1.775000e+00,2.478910e+04,4.400082e+04,8.000000e+00
1710720000000,1710806399999,1.775000e+00,1.775000e+00,1.775000e+00,1.775000e+00,4.627500e+03,8.213812e+03,9.000000e+00
1710806400000,1710892799999,1.775000e+00,1.775000e+00,1.775000e+00,1.775000e+00,1.120090e+04,1.988160e+04,4.000000e+00
1710892800000,1710979199999,1.775000e+00,1.775100e+00,1.775100e+00,1.775000e+00,3.348300e+03,5.943238e+03,4.000000e+00
1710979200000,1711065599999,1.775100e+00,1.775000e+00,1.921500e+00,1.775000e+00,3.594850e+04,6.428864e+04,2.400000e+01
1711065600000,1711151999999,1.920000e+00,1.775000e+00,1.920000e+00,1.775000e+00,1.774110e+04,3.152186e+04,1.300000e+01
1711152000000,1711238399999,1.775000e+00,1.775000e+00,1.776500e+00,1.775000e+00,5.170220e+04,9.177929e+04,1.100000e+01
1711238400000,1711324799999,1.775000e+00,1.775000e+00,1.775000e+00,1.775000e+00,0.000000e+00,0.000000e+00,0.000000e+00
1711324800000,1711411199999,1.775000e+00,1.775000e+00,1.775000e+00,1.775000e+00,3.059500e+03,5.430613e+03,5.000000e+00
1711411200000,1711497599999,1.775000e+00,1.775000e+00,1.775000e+00,1.775000e+00,1.133060e+04,2.011181e+04,8.000000e+00
1711497600000,1711583999999,1.900000e+00,2.100000e+00,2.121100e+00,1.775000e+00,5.520490e+04,1.020591e+05,1.300000e+01
1711584000000,1711670399999,2.137200e+00,1.775000e+00,2.137200e+00,1.775000e+00,3.476120e+04,6.170656e+04,8.000000e+00
1711670400000,1711756799999,1.775000e+00,1.950000e+00,1.950000e+00,1.775000e+00,7.898800e+03,1.537407e+04,1.100000e+01
1711756800000,1711843199999,1.950000e+00,1.775000e+00,2.150000e+00,1.775000e+00,1.365510e+04,2.503803e+04,2.800000e+01
1711843200000,1711929599999,1.904300e+00,1.775000e+00,2.150000e+00,1.775000e+00,3.789700e+03,7.005720e+03,1.300000e+01
1711929600000,1712015999999,1.775000e+00,1.775000e+00,1.965800e+00,1.775000e+00,3.958100e+03,7.146404e+03,1.200000e+01
1712016000000,1712102399999,1.775000e+00,1.775000e+00,1.775000e+00,1.775000e+00,8.665860e+04,1.538190e+05,6.000000e+00
1712102400000,1712188799999,1.775000e+00,1.775000e+00,1.775000e+00,1.775000e+00,9.593000e+02,1.702757e+03,1.200000e+01
1712188800000,1712275199999,1.775000e+00,1.775000e+00,1.775000e+00,1.775000e+00,7.262000e+02,1.289005e+03,4.000000e+00
1712275200000,1712361599999,1.775000e+00,1.775000e+00,1.775000e+00,1.775000e+00,7.497700e+03,1.330842e+04,9.000000e+00
1712361600000,1712447999999,1.775000e+00,1.775000e+00,1.775000e+00,1.775000e+00,2.067000e+02,3.668925e+02,4.000000e+00
1712448000000,1712534399999,1.775000e+00,1.775000e+00,1.775000e+00,1.775000e+00,1.000000e+02,1.775000e+02,1.000000e+00
1712534400000,1712620799999,1.775000e+00,1.775000e+00,1.775000e+00,1.775000e+00,1.293030e+04,2.295128e+04,1.000000e+00
1712620800000,1712707199999,1.775000e+00,1.775000e+00,1.775000e+00,1.775000e+00,0.000000e+00,0.000000e+00,0.000000e+00
1712707200000,1712793599999,1.775000e+00,1.775000e+00,1.775000e+00,1.775000e+00,3.296700e+03,5.851642e+03,8.000000e+00
1712793600000,1712879999999,1.775000e+00,1.775000e+00,1.775000e+00,1.775000e+00,2.988000e+03,5.303700e+03,1.800000e+01
1712880000000,1712966399999,1.775000e+00,1.200000e+00,1.775000e+00,1.200000e+00,2.857396e+05,4.825185e+05,8.800000e+01
1712966400000,1713052799999,1.229800e+00,9.000000e-01,1.229800e+00,9.000000e-01,4.139700e+03,4.824660e+03,5.000000e+00
1713052800000,1713139199999,9.000000e-01,9.000000e-01,9.000000e-01,9.000000e-01,0.000000e+00,0.000000e+00,0.000000e+00
1713139200000,1713225599999,1.235000e+00,1.150000e+00,1.235000e+00,1.150000e+00,2.874700e+03,3.402431e+03,6.000000e+00
1713225600000,1713311999999,1.189000e+00,1.189000e+00,1.189000e+00,1.189000e+00,1.000000e+02,1.189000e+02,1.000000e+00
1713312000000,1713398399999,1.189000e+00,1.270000e+00,1.270000e+00,1.116000e+00,1.960370e+04,2.339320e+04,1.800000e+01
1713398400000,1713484799999,1.270000e+00,1.211000e+00,1.400000e+00,1.211000e+00,4.604700e+03,5.655511e+03,1.200000e+01
1713484800000,1713571199999,1.211000e+00,1.211000e+00,1.500000e+00,1.211000e+00,1.025670e+04,1.338419e+04,2.100000e+01
1713571200000,1713657599999,1.316400e+00,1.320000e+00,1.325000e+00,1.311000e+00,1.315320e+04,1.738047e+04,1.800000e+01
1713657600000,1713743999999,1.422000e+00,1.255000e+00,1.485000e+00,1.255000e+00,6.072000e+02,8.511069e+02,6.000000e+00
1713744000000,1713830399999,1.255000e+00,1.255000e+00,1.255000e+00,1.255000e+00,3.167800e+03,3.975589e+03,7.000000e+00
1713830400000,1713916799999,1.350000e+00,1.350000e+00,1.350000e+00,1.350000e+00,5.624700e+03,7.593345e+03,4.000000e+00
1713916800000,1714003199999,1.350000e+00,1.316300e+00,1.350000e+00,1.316300e+00,3.353000e+02,4.449748e+02,3.000000e+00
1714003200000,1714089599999,1.316300e+00,1.316300e+00,1.316300e+00,1.316300e+00,0.000000e+00,0.000000e+00,0.000000e+00
1714089600000,1714175999999,1.316300e+00,1.316300e+00,1.316300e+00,1.316300e+00,0.000000e+00,0.000000e+00,0.000000e+00
1714176000000,1714262399999,1.316300e+00,1.316300e+00,1.316300e+00,1.316300e+00,2.184640e+04,2.875642e+04,1.400000e+01
1714262400000,1714348799999,1.316300e+00,1.250000e+00,1.316300e+00,9.000000e-01,3.854720e+04,4.859521e+04,1.800000e+01
1714348800000,1714435199999,1.250000e+00,1.207800e+00,1.250000e+00,1.207800e+00,1.936000e+02,2.382277e+02,8.000000e+00
1714435200000,1714521599999,1.208000e+00,1.000000e+00,1.208000e+00,1.000000e+00,4.067110e+04,4.802300e+04,2.100000e+01
1714521600000,1714607999999,1.000000e+00,1.000000e+00,1.000000e+00,1.000000e+00,0.000000e+00,0.000000e+00,0.000000e+00
1714608000000,1714694399999,1.000000e+00,1.000000e+00,1.000000e+00,1.000000e+00,0.000000e+00,0.000000e+00,0.000000e+00
1714694400000,1714780799999,1.101600e+00,1.038000e+00,1.101600e+00,1.038000e+00,4.802320e+04,4.994534e+04,1.100000e+01
1714780800000,1714867199999,1.087000e+00,1.087000e+00,1.087000e+00,1.087000e+00,5.550000e+01,6.032850e+01,2.000000e+00
1714867200000,1714953599999,1.087000e+00,1.080200e+00,1.087000e+00,1.038000e+00,7.166400e+03,7.626681e+03,9.000000e+00
1714953600000,1715039999999,1.080200e+00,1.082400e+00,1.114500e+00,1.038000e+00,4.755700e+04,4.957062e+04,1.300000e+01
1715040000000,1715126399999,9.400000e-01,9.400000e-01,9.400000e-01,9.400000e-01,1.000000e+01,9.400000e+00,1.000000e+00
1715126400000,1715212799999,1.080000e+00,1.020000e+00,1.090000e+00,8.930000e-01,8.463700e+03,8.284380e+03,1.000000e+01
1715212800000,1715299199999,1.020000e+00,1.020000e+00,1.020000e+00,1.020000e+00,0.000000e+00,0.000000e+00,0.000000e+00
1715299200000,1715385599999,1.063700e+00,1.020000e+00,1.063700e+00,1.020000e+00,4.006000e+03,4.151867e+03,5.000000e+00
1715385600000,1715471999999,1.020000e+00,1.020000e+00,1.020000e+00,1.020000e+00,7.157400e+03,7.300548e+03,8.000000e+00
1715472000000,1715558399999,1.020000e+00,1.020000e+00,1.020000e+00,1.020000e+00,5.951000e+02,6.070020e+02,3.000000e+00
1715558400000,1715644799999,1.020000e+00,1.020000e+00,1.020000e+00,1.020000e+00,1.498020e+04,1.527980e+04,8.000000e+00
1715644800000,1715731199999,1.020000e+00,9.152000e-01,1.030000e+00,9.152000e-01,2.511750e+04,2.385764e+04,2.900000e+01
1715731200000,1715817599999,9.315000e-01,9.152000e-01,9.315000e-01,8.600000e-01,1.068080e+04,9.794355e+03,1.400000e+01
1715817600000,1715903999999,9.152000e-01,1.018600e+00,1.061200e+00,9.152000e-01,4.610400e+03,4.706376e+03,1.700000e+01
1715904000000,1715990399999,1.018600e+00,9.902000e-01,1.037500e+00,9.902000e-01,1.632460e+04,1.654254e+04,1.900000e+01
1715990400000,1716076799999,9.902000e-01,9.902000e-01,9.902000e-01,9.902000e-01,0.000000e+00,0.000000e+00,0.000000e+00
1716076800000,1716163199999,9.902000e-01,1.054800e+00,1.054800e+00,9.900000e-01,1.584800e+03,1.599869e+03,6.000000e+00
1716163200000,1716249599999,1.064000e+00,1.118500e+00,1.195000e+00,1.064000e+00,1.359270e+04,1.537579e+04,2.000000e+01
1716249600000,1716335999999,1.147200e+00,5.000000e+00,5.000000e+00,3.900000e-01,2.068610e+04,2.324628e+04,1.200000e+01
1716336000000,1716422399999,1.140000e+00,1.000000e+00,1.140000e+00,1.000000e+00,9.087900e+03,9.090700e+03,5.000000e+00
1716422400000,1716508799999,1.000000e+00,1.000000e+00,1.123900e+00,1.000000e+00,1.071300e+03,1.199567e+03,8.000000e+00
1716508800000,1716595199999,5.000000e+00,1.000000e+00,5.000000e+00,1.000000e+00,5.480500e+03,5.573102e+03,8.000000e+00
1716595200000,1716681599999,1.060700e+00,1.060700e+00,1.060700e+00,1.060700e+00,3.080000e+02,3.266956e+02,1.000000e+00
1716681600000,1716767999999,1.060700e+00,9.600000e-01,1.060700e+00,9.600000e-01,1.560000e+01,1.592258e+01,2.000000e+00
1716768000000,1716854399999,1.042600e+00,1.077200e+00,1.077200e+00,1.000000e+00,8.394800e+03,8.825905e+03,3.600000e+01
1716854400000,1716940799999,1.000000e+00,1.042200e+00,1.042200e+00,1.000000e+00,9.745000e+02,9.811582e+02,1.500000e+01
1716940800000,1717027199999,1.042500e+00,1.000000e+00,1.160000e+00,1.000000e+00,1.825590e+04,1.920400e+04,3.300000e+01
1717027200000,1717113599999,1.040000e+00,1.030000e+00,1.040000e+00,1.030000e+00,1.850380e+04,1.905991e+04,3.000000e+00
1717113600000,1717199999999,1.030100e+00,1.003200e+00,1.030100e+00,1.003200e+00,1.660360e+04,1.706255e+04,4.000000e+01
1717200000000,1717286399999,1.003200e+00,1.003200e+00,1.013000e+00,1.003200e+00,3.182000e+03,3.192184e+03,8.000000e+00
1717286400000,1717372799999,1.023500e+00,1.016900e+00,1.040100e+00,9.100000e-01,3.097900e+03,3.177178e+03,1.700000e+01
1717372800000,1717459199999,1.040100e+00,1.040100e+00,1.040100e+00,1.040100e+00,2.345310e+04,2.439357e+04,7.100000e+01
1717459200000,1717545599999,1.048000e+00,1.048000e+00,1.048000e+00,1.048000e+00,1.643000e+02,1.721864e+02,1.000000e+00
1717545600000,1717631999999,1.154900e+00,1.030000e+00,1.154900e+00,1.030000e+00,2.846800e+03,3.117598e+03,1.200000e+01
1717632000000,1717718399999,1.115400e+00,1.030000e+00,1.116000e+00,1.030000e+00,1.352710e+04,1.473841e+04,2.700000e+01
1717718400000,1717804799999,1.030000e+00,1.095300e+00,1.095300e+00,9.832000e-01,1.634240e+04,1.753874e+04,4.000000e+00
1717804800000,1717891199999,1.113200e+00,1.118200e+00,1.121200e+00,1.106500e+00,9.503100e+03,1.060121e+04,4.600000e+01
1717891200000,1717977599999,1.103700e+00,1.093800e+00,1.108100e+00,1.083400e+00,2.394800e+03,2.648066e+03,9.000000e+00
1717977600000,1718063999999,1.083500e+00,1.070900e+00,1.092900e+00,1.052600e+00,3.478600e+03,3.722130e+03,6.900000e+01
1718064000000,1718150399999,1.070900e+00,1.004500e+00,1.070900e+00,1.000000e+00,1.036340e+04,1.104733e+04,8.000000e+00
1718150400000,1718236799999,9.970000e-01,1.019000e+00,1.024800e+00,9.810000e-01,9.077200e+03,9.071378e+03,1.200000e+01
1718236800000,1718323199999,1.019000e+00,9.973000e-01,1.019000e+00,9.973000e-01,1.389210e+04,1.387672e+04,2.000000e+01
1718323200000,1718409599999,9.973000e-01,9.096000e-01,9.973000e-01,9.093000e-01,1.946420e+04,1.862689e+04,1.900000e+01
1718409600000,1718495999999,9.523000e-01,9.482000e-01,9.523000e-01,9.096000e-01,1.469000e+02,1.390791e+02,3.000000e+00
1718496000000,1718582399999,9.282000e-01,9.282000e-01,9.453000e-01,9.282000e-01,8.053000e+02,7.505121e+02,5.000000e+00
1718582400000,1718668799999,9.282000e-01,9.263000e-01,9.282000e-01,8.863000e-01,7.844700e+03,7.254385e+03,6.000000e+00
1718668800000,1718755199999,9.263000e-01,7.729000e-01,9.263000e-01,7.729000e-01,1.858630e+04,1.657252e+04,2.300000e+01
1718755200000,1718841599999,8.317000e-01,8.651000e-01,8.651000e-01,8.317000e-01,3.133000e+02,2.636498e+02,5.000000e+00
1718841600000,1718927999999,8.614000e-01,9.056000e-01,9.132000e-01,8.611000e-01,2.835600e+03,2.458782e+03,2.100000e+01
1718928000000,1719014399999,9.100000e-01,9.050000e-01,9.100000e-01,8.784000e-01,2.621520e+04,2.373802e+04,4.500000e+01
1719014400000,1719100799999,9.228000e-01,9.050000e-01,9.228000e-01,9.050000e-01,1.693270e+04,1.532467e+04,2.500000e+01
1719100800000,1719187199999,9.283000e-01,9.283000e-01,9.283000e-01,9.283000e-01,5.911000e+02,5.487181e+02,1.000000e+00
1719187200000,1719273599999,9.422000e-01,8.875000e-01,9.422000e-01,8.084000e-01,1.199260e+04,1.025398e+04,4.800000e+01
1719273600000,1719359999999,8.147000e-01,8.802000e-01,1.010000e+00,8.147000e-01,1.104200e+04,9.681348e+03,3.000000e+01
1719360000000,1719446399999,8.541000e-01,8.400000e-01,8.541000e-01,8.400000e-01,9.545000e+02,8.143397e+02,4.000000e+00
1719446400000,1719532799999,8.300000e-01,8.335000e-01,8.704000e-01,8.300000e-01,3.790800e+03,3.202195e+03,4.400000e+01
1719532800000,1719619199999,8.295000e-01,8.178000e-01,8.308000e-01,8.178000e-01,2.991100e+03,2.462306e+03,2.000000e+01
1719619200000,1719705599999,7.939000e-01,8.048000e-01,8.048000e-01,7.939000e-01,1.945000e+02,1.549945e+02,2.000000e+01
1719705600000,1719791999999,8.048000e-01,8.073000e-01,8.082000e-01,7.756000e-01,5.281200e+03,4.103945e+03,1.000000e+01
1719792000000,1719878399999,8.267000e-01,8.125000e-01,8.277000e-01,8.074000e-01,7.147400e+03,5.811923e+03,3.400000e+01
1719878400000,1719964799999,7.998000e-01,8.084000e-01,8.366000e-01,7.998000e-01,3.414000e+02,2.774612e+02,4.900000e+01
1719964800000,1720051199999,8.084000e-01,8.032000e-01,8.084000e-01,8.016000e-01,1.169570e+04,9.393469e+03,4.500000e+01
1720051200000,1720137599999,8.032000e-01,8.032000e-01,8.032000e-01,8.032000e-01,2.881100e+03,2.314100e+03,3.000000e+00
1720137600000,1720223999999,8.032000e-01,8.032000e-01,8.032000e-01,8.032000e-01,0.000000e+00,0.000000e+00,0.000000e+00
1720224000000,1720310399999,8.032000e-01,8.032000e-01,8.032000e-01,8.032000e-01,0.000000e+00,0.000000e+00,0.000000e+00
1720310400000,1720396799999,6.650000e-01,6.650000e-01,6.650000e-01,6.650000e-01,3.720000e+01,2.473800e+01,3.000000e+00
1720396800000,1720483199999,6.655000e-01,6.714000e-01,6.869000e-01,6.655000e-01,5.149500e+03,3.438212e+03,7.000000e+00
1720483200000,1720569599999,6.822000e-01,7.268000e-01,7.431000e-01,6.822000e-01,5.423000e+02,3.924760e+02,5.000000e+00
1720569600000,1720655999999,7.266000e-01,7.337000e-01,7.635000e-01,7.193000e-01,4.060100e+03,3.048936e+03,5.400000e+01
1720656000000,1720742399999,7.388000e-01,7.536000e-01,7.751000e-01,7.317000e-01,1.284970e+04,9.755725e+03,2.800000e+01
1720742400000,1720828799999,7.579000e-01,7.462000e-01,7.579000e-01,7.321000e-01,9.149300e+03,6.835461e+03,3.500000e+01
1720828800000,1720915199999,7.488000e-01,7.616000e-01,7.649000e-01,7.488000e-01,3.687700e+03,2.800222e+03,1.400000e+01
1720915200000,1721001599999,7.601000e-01,8.025000e-01,8.118000e-01,7.596000e-01,5.999100e+03,4.636109e+03,4.000000e+01
1721001600000,1721087999999,8.039000e-01,8.391000e-01,8.391000e-01,7.933000e-01,2.732100e+03,2.204620e+03,2.400000e+01
1721088000000,1721174399999,8.609000e-01,8.711000e-01,8.811000e-01,8.183000e-01,6.723400e+03,5.770941e+03,4.200000e+01
1721174400000,1721260799999,8.728000e-01,8.535000e-01,8.770000e-01,8.104000e-01,1.950700e+03,1.699765e+03,2.100000e+01
1721260800000,1721347199999,8.460000e-01,7.878000e-01,8.486000e-01,7.878000e-01,7.387000e+02,6.124772e+02,1.300000e+01
1721347200000,1721433599999,8.165000e-01,8.573000e-01,8.590000e-01,8.165000e-01,1.831900e+03,1.519669e+03,1.400000e+01
1721433600000,1721519999999,8.595000e-01,8.636000e-01,8.852000e-01,8.484000e-01,7.086900e+03,6.123108e+03,2.100000e+01
1721520000000,1721606399999,8.371000e-01,8.494000e-01,8.494000e-01,8.143000e-01,2.359000e+03,1.976845e+03,1.500000e+01
1721606400000,1721692799999,8.609000e-01,8.330000e-01,9.399000e-01,8.330000e-01,1.350530e+04,1.130118e+04,5.400000e+01
1721692800000,1721779199999,8.223000e-01,8.179000e-01,8.380000e-01,8.113000e-01,3.854840e+04,3.226726e+04,1.130000e+02
1721779200000,1721865599999,8.100000e-01,7.761000e-01,8.255000e-01,7.100000e-01,4.936500e+03,3.994255e+03,2.500000e+01
1721865600000,1721951999999,7.490000e-01,7.399000e-01,7.546000e-01,7.399000e-01,8.802000e+02,6.566636e+02,5.000000e+00
1721952000000,1722038399999,7.399000e-01,7.399000e-01,7.399000e-01,7.399000e-01,0.000000e+00,0.000000e+00,0.000000e+00
1722038400000,1722124799999,7.804000e-01,7.793000e-01,7.874000e-01,7.786000e-01,1.425240e+04,1.112033e+04,3.800000e+01
1722124800000,1722211199999,7.793000e-01,7.620000e-01,7.793000e-01,7.620000e-01,4.684700e+03,3.642893e+03,1.300000e+01
1722211200000,1722297599999,7.745000e-01,8.000000e-01,8.000000e-01,7.745000e-01,5.297000e+02,4.121341e+02,5.000000e+00
1722297600000,1722383999999,8.000000e-01,6.000000e-01,8.000000e-01,6.000000e-01,6.920500e+03,5.528358e+03,2.400000e+01
1722384000000,1722470399999,7.102000e-01,6.997000e-01,7.999000e-01,6.995000e-01,2.004100e+03,1.494677e+03,6.000000e+00
1722470400000,1722556799999,7.090000e-01,6.929000e-01,7.090000e-01,5.800000e-01,1.144600e+03,6.908885e+02,1.000000e+01
1722556800000,1722643199999,6.954000e-01,6.480000e-01,6.954000e-01,6.417000e-01,3.533400e+03,2.301212e+03,1.400000e+01
1722643200000,1722729599999,6.393000e-01,6.068000e-01,6.465000e-01,6.068000e-01,2.576000e+02,1.625926e+02,6.000000e+00
1722729600000,1722815999999,6.068000e-01,6.064000e-01,6.068000e-01,5.968000e-01,7.632000e+02,4.624330e+02,5.000000e+00
1722816000000,1722902399999,5.773000e-01,5.492000e-01,5.773000e-01,4.600000e-01,3.636620e+04,1.910076e+04,6.800000e+01
1722902400000,1722988799999,5.599000e-01,5.746000e-01,5.746000e-01,5.599000e-01,8.923000e+02,5.126576e+02,1.900000e+01
1722988800000,1723075199999,6.066000e-01,6.331000e-01,6.350000e-01,5.746000e-01,2.982900e+03,1.776311e+03,2.200000e+01
1723075200000,1723161599999,6.350000e-01,6.764000e-01,6.765000e-01,6.350000e-01,1.596700e+03,1.022829e+03,1.200000e+01
1723161600000,1723247999999,8.320000e-01,8.200000e-01,8.342000e-01,8.200000e-01,7.920900e+03,6.555280e+03,9.000000e+00
1723248000000,1723334399999,8.200000e-01,8.150000e-01,9.400000e-01,8.150000e-01,1.553220e+04,1.277915e+04,1.300000e+01
1723334400000,1723420799999,8.150000e-01,7.673000e-01,9.900000e-01,7.560000e-01,1.479440e+04,1.255892e+04,2.500000e+01
1723420800000,1723507199999,9.193000e-01,1.035300e+00,1.160000e+00,8.865000e-01,7.287200e+03,7.502077e+03,2.700000e+01
1723507200000,1723593599999,1.035300e+00,9.889000e-01,1.035300e+00,9.000000e-01,2.414250e+04,2.271446e+04,2.200000e+01
1723593600000,1723679999999,9.889000e-01,9.240000e-01,9.889000e-01,7.788000e-01,1.386490e+04,1.299691e+04,4.000000e+01
1723680000000,1723766399999,9.240000e-01,7.150000e-01,9.240000e-01,7.150000e-01,2.672340e+04,2.431460e+04,3.100000e+01
1723766400000,1723852799999,7.150000e-01,8.200000e-01,1.000000e+00,7.150000e-01,6.061400e+03,4.920236e+03,1.100000e+01
1723852800000,1723939199999,8.200000e-01,8.627000e-01,8.627000e-01,7.500000e-01,2.163100e+03,1.745915e+03,2.200000e+01
1723939200000,1724025599999,8.498000e-01,8.256000e-01,8.756000e-01,8.256000e-01,3.190520e+04,2.746542e+04,2.000000e+01
1724025600000,1724111999999,8.239000e-01,1.000000e+00,1.000000e+00,7.972000e-01,1.811600e+03,1.495564e+03,3.200000e+01
1724112000000,1724198399999,9.998000e-01,9.999000e-01,1.014800e+00,9.998000e-01,3.772100e+03,3.771686e+03,8.000000e+00
1724198400000,1724284799999,9.900000e-01,8.500000e-01,9.900000e-01,8.500000e-01,2.123000e+02,1.818690e+02,2.000000e+00
1724284800000,1724371199999,8.500000e-01,9.669000e-01,9.669000e-01,8.500000e-01,8.450000e+02,7.719071e+02,3.000000e+00
1724371200000,1724457599999,9.630000e-01,8.899000e-01,9.999000e-01,7.997000e-01,1.687650e+04,1.668404e+04,4.300000e+01
1724457600000,1724543999999,8.879000e-01,9.823000e-01,9.823000e-01,8.775000e-01,1.486964e+05,1.321598e+05,2.100000e+01
1724544000000,1724630399999,8.484000e-01,9.947000e-01,9.986000e-01,8.484000e-01,6.074700e+03,5.928639e+03,1.020000e+02
1724630400000,1724716799999,9.947000e-01,9.720000e-01,9.947000e-01,9.720000e-01,3.529500e+03,3.477571e+03,1.300000e+01
1724716800000,1724803199999,9.720000e-01,8.484000e-01,9.720000e-01,8.484000e-01,3.196770e+04,2.758270e+04,1.700000e+01
1724803200000,1724889599999,8.250000e-01,7.016000e-01,8.250000e-01,7.016000e-01,3.650700e+03,3.008311e+03,8.000000e+00
1724889600000,1724975999999,8.504000e-01,7.016000e-01,8.504000e-01,7.016000e-01,2.328600e+03,1.972310e+03,3.000000e+00
1724976000000,1725062399999,7.016000e-01,8.484000e-01,8.484000e-01,7.016000e-01,1.143200e+04,9.612338e+03,2.800000e+01
1725062400000,1725148799999,8.484000e-01,8.484000e-01,8.484000e-01,6.921000e-01,1.413220e+04,1.197339e+04,1.000000e+01
1725148800000,1725235199999,8.100000e-01,6.765000e-01,8.484000e-01,6.764000e-01,1.206960e+04,8.802303e+03,1.100000e+01
1725235200000,1725321599999,6.765000e-01,6.763000e-01,6.765000e-01,6.763000e-01,8.070100e+03,5.458823e+03,6.000000e+00
1725321600000,1725407999999,6.763000e-01,7.949000e-01,7.986000e-01,6.763000e-01,8.403600e+03,6.517990e+03,5.000000e+00
1725408000000,1725494399999,8.116000e-01,8.200000e-01,8.200000e-01,8.116000e-01,2.532100e+03,2.055105e+03,2.000000e+00
1725494400000,1725580799999,8.298000e-01,8.298000e-01,8.298000e-01,8.200000e-01,5.384700e+03,4.467148e+03,5.000000e+00
1725580800000,1725667199999,9.520000e-01,8.000000e-01,9.800000e-01,8.000000e-01,2.242190e+04,1.959478e+04,3.100000e+01
1725667200000,1725753599999,8.000000e-01,8.000000e-01,8.000000e-01,8.000000e-01,5.953780e+04,4.763024e+04,1.600000e+01
1725753600000,1725839999999,8.000000e-01,9.389000e-01,9.800000e-01,8.000000e-01,2.835490e+04,2.436438e+04,2.500000e+01
1725840000000,1725926399999,9.389000e-01,9.510000e-01,9.510000e-01,9.068000e-01,1.149520e+04,1.078574e+04,1.500000e+01
1725926400000,1726012799999,9.510000e-01,9.510000e-01,9.510000e-01,9.510000e-01,1.090000e+01,1.036590e+01,1.000000e+00
1726012800000,1726099199999,8.790000e-01,8.750000e-01,8.790000e-01,8.750000e-01,3.680600e+03,3.226363e+03,5.000000e+00
1726099200000,1726185599999,8.750000e-01,8.750000e-01,1.030000e+00,8.750000e-01,1.520550e+04,1.332135e+04,1.400000e+01
1726185600000,1726271999999,8.750000e-01,8.750000e-01,8.750000e-01,8.750000e-01,2.651850e+04,2.320369e+04,1.100000e+01
1726272000000,1726358399999,8.750000e-01,8.750000e-01,8.750000e-01,8.750000e-01,1.009010e+04,8.828837e+03,1.200000e+01
1726358400000,1726444799999,1.093700e+00,1.000000e+00,1.093700e+00,1.000000e+00,9.041000e+02,9.854805e+02,8.000000e+00
1726444800000,1726531199999,1.000000e+00,1.200000e+00,1.200000e+00,1.000000e+00,1.188870e+04,1.376644e+04,5.000000e+00
1726531200000,1726617599999,1.200000e+00,1.150000e+00,1.200000e+00,1.059000e+00,1.295460e+04,1.546739e+04,1.400000e+01
1726617600000,1726703999999,1.150000e+00,1.309900e+00,1.309900e+00,1.150000e+00,1.044260e+04,1.209475e+04,2.000000e+01
1726704000000,1726790399999,1.309900e+00,1.331300e+00,1.331800e+00,1.309900e+00,6.359700e+03,8.431658e+03,7.000000e+00
1726790400000,1726876799999,1.331300e+00,1.478100e+00,1.478100e+00,1.331300e+00,2.208240e+04,3.158765e+04,2.900000e+01
1726876800000,1726963199999,1.455900e+00,1.450000e+00,1.478100e+00,1.450000e+00,1.986510e+04,2.934443e+04,1.500000e+01
1726963200000,1727049599999,1.500000e+00,1.640000e+00,1.640000e+00,1.450000e+00,1.031870e+04,1.498832e+04,2.100000e+01
1727049600000,1727135999999,1.604500e+00,1.393000e+00,1.640000e+00,1.393000e+00,2.533450e+04,4.075572e+04,4.600000e+01
1727136000000,1727222399999,1.372100e+00,1.670000e+00,3.000000e+00,1.372100e+00,2.213170e+04,3.652309e+04,3.300000e+01
1727222400000,1727308799999,1.670000e+00,1.739300e+00,1.760000e+00,1.520400e+00,5.564470e+04,9.568074e+04,4.400000e+01
1727308800000,1727395199999,1.739300e+00,1.500000e+00,1.739300e+00,1.500000e+00,8.029550e+04,1.343270e+05,2.600000e+01
1727395200000,1727481599999,1.886000e+00,1.886000e+00,1.886000e+00,1.886000e+00,1.263760e+04,2.383451e+04,2.400000e+01
1727481600000,1727567999999,1.886000e+00,1.623500e+00,1.886000e+00,1.623500e+00,1.006030e+04,1.884762e+04,1.700000e+01
1727568000000,1727654399999,1.623500e+00,1.623500e+00,2.000000e+00,1.623500e+00,1.060982e+05,1.828148e+05,1.050000e+02
1727654400000,1727740799999,1.623500e+00,1.803000e+00,1.940000e+00,1.512000e+00,4.129950e+04,7.005087e+04,2.100000e+01
1727740800000,1727827199999,1.674600e+00,1.720000e+00,2.180000e+00,1.512000e+00,9.034900e+03,1.683709e+04,4.800000e+01
1727827200000,1727913599999,1.999900e+00,1.960000e+00,1.999900e+00,1.720000e+00,1.313580e+04,2.459929e+04,2.100000e+01
1727913600000,1727999999999,1.960000e+00,1.630000e+00,1.960000e+00,1.630000e+00,2.424540e+04,4.259121e+04,4.100000e+01
1728000000000,1728086399999,1.660000e+00,1.790000e+00,1.790000e+00,1.500000e+00,2.363740e+04,3.852812e+04,2.500000e+01
1728086400000,1728172799999,1.790000e+00,1.700000e+00,1.790000e+00,1.700000e+00,4.587200e+03,8.189891e+03,1.000000e+01
1728172800000,1728259199999,1.700000e+00,1.735100e+00,1.776300e+00,1.700000e+00,1.869690e+04,3.188895e+04,4.000000e+01
1728259200000,1728345599999,1.747600e+00,2.074000e+00,2.088300e+00,1.700000e+00,1.706486e+05,3.420420e+05,9.000000e+01
1728345600000,1728431999999,2.073600e+00,2.000000e+00,2.280000e+00,1.888300e+00,3.665920e+04,7.464576e+04,7.800000e+01
1728432000000,1728518399999,2.000000e+00,1.871000e+00,2.000000e+00,1.800000e+00,1.716390e+04,3.223178e+04,2.900000e+01
1728518400000,1728604799999,1.871000e+00,1.851000e+00,1.986400e+00,1.602100e+00,3.075030e+04,5.667740e+04,2.600000e+01
1728604800000,1728691199999,1.770000e+00,1.999900e+00,2.000000e+00,1.770000e+00,6.104400e+04,1.130699e+05,5.800000e+01
1728691200000,1728777599999,1.989000e+00,2.205000e+00,2.233000e+00,1.989000e+00,4.185870e+04,8.560230e+04,3.400000e+01
1728777600000,1728863999999,2.240000e+00,2.206100e+00,2.500000e+00,1.989000e+00,5.815700e+04,1.236517e+05,5.500000e+01
1728864000000,1728950399999,2.173000e+00,1.998800e+00,2.200000e+00,1.998800e+00,2.760200e+04,5.656316e+04,4.300000e+01
1728950400000,1729036799999,1.998800e+00,1.820000e+00,2.500000e+00,1.820000e+00,4.305030e+04,8.248704e+04,3.600000e+01
1729036800000,1729123199999,1.820000e+00,1.820000e+00,2.025800e+00,1.820000e+00,2.619020e+04,4.851207e+04,2.700000e+01
1729123200000,1729209599999,1.847300e+00,1.750000e+00,1.847300e+00,1.750000e+00,1.632740e+04,2.974781e+04,3.300000e+01
1729209600000,1729295999999,1.750000e+00,2.125800e+00,2.125800e+00,1.750000e+00,9.554000e+02,1.791428e+03,8.000000e+00
1729296000000,1729382399999,2.112200e+00,2.061000e+00,2.125800e+00,2.061000e+00,3.078870e+04,6.524402e+04,3.400000e+01
1729382400000,1729468799999,2.061000e+00,2.061000e+00,2.061000e+00,2.061000e+00,1.072400e+04,2.210216e+04,1.400000e+01
1729468800000,1729555199999,2.114400e+00,1.851300e+00,2.114400e+00,1.851300e+00,3.135610e+04,6.453515e+04,1.700000e+01
1729555200000,1729641599999,1.851300e+00,1.851300e+00,2.000000e+00,1.851300e+00,3.744540e+04,7.062814e+04,3.000000e+01
1729641600000,1729727999999,1.851300e+00,1.851300e+00,1.940100e+00,1.851300e+00,3.167290e+04,5.898259e+04,3.800000e+01
1729728000000,1729814399999,1.851300e+00,1.849800e+00,2.000000e+00,1.849800e+00,5.271070e+04,9.775369e+04,2.400000e+01
1729814400000,1729900799999,1.849800e+00,1.430000e+00,1.849800e+00,1.430000e+00,3.314900e+03,6.130254e+03,1.000000e+01
1729900800000,1729987199999,1.900000e+00,1.795900e+00,1.900000e+00,1.795900e+00,2.041200e+03,3.852275e+03,5.000000e+00
1729987200000,1730073599999,1.795900e+00,1.800000e+00,1.985400e+00,1.795900e+00,4.100400e+03,7.370325e+03,9.000000e+00
1730073600000,1730159999999,1.800000e+00,1.600000e+00,1.800000e+00,1.430000e+00,1.456650e+04,2.534066e+04,1.000000e+01
1730160000000,1730246399999,1.600000e+00,2.036800e+00,2.036800e+00,1.600000e+00,5.368400e+03,1.072376e+04,1.700000e+01
1730246400000,1730332799999,2.036800e+00,2.034800e+00,2.200000e+00,1.980000e+00,7.481360e+04,1.538781e+05,5.900000e+01
1730332800000,1730419199999,2.034800e+00,1.950100e+00,2.200000e+00,1.892200e+00,1.538590e+04,3.087964e+04,5.800000e+01
1730419200000,1730505599999,1.950100e+00,2.015700e+00,2.350000e+00,1.650000e+00,2.194840e+04,4.185563e+04,4.200000e+01
1730505600000,1730591999999,2.015700e+00,2.111100e+00,2.111900e+00,1.900000e+00,5.735640e+04,1.175916e+05,4.400000e+01
1730592000000,1730678399999,2.111100e+00,1.900000e+00,2.111100e+00,1.900000e+00,3.605810e+04,6.852594e+04,4.000000e+01
1730678400000,1730764799999,1.933000e+00,1.935000e+00,1.935000e+00,1.933000e+00,4.372200e+03,8.452497e+03,7.000000e+00
1730764800000,1730851199999,1.935000e+00,1.890000e+00,2.000000e+00,1.890000e+00,1.234494e+05,2.354408e+05,5.700000e+01
1730851200000,1730937599999,2.038000e+00,1.860000e+00,2.038000e+00,1.860000e+00,3.465860e+04,6.547751e+04,1.040000e+02
1730937600000,1731023999999,2.249400e+00,2.249400e+00,2.249400e+00,2.236400e+00,8.684100e+03,1.950697e+04,2.400000e+01
1731024000000,1731110399999,2.249400e+00,2.247000e+00,2.309100e+00,2.236600e+00,2.442320e+04,5.516465e+04,2.900000e+01
1731110400000,1731196799999,2.258800e+00,2.920000e+00,2.920000e+00,2.251800e+00,4.409380e+04,1.026196e+05,3.800000e+01
1731196800000,1731283199999,2.920000e+00,3.038500e+00,3.054500e+00,2.739000e+00,3.197590e+04,9.397087e+04,6.500000e+01
1731283200000,1731369599999,3.038500e+00,2.800000e+00,3.705500e+00,2.800000e+00,5.136430e+04,1.706069e+05,6.400000e+01
1731369600000,1731455999999,2.800000e+00,2.895500e+00,3.500000e+00,2.800000e+00,2.076020e+04,6.146082e+04,3.400000e+01
1731456000000,1731542399999,2.852100e+00,3.072300e+00,3.806200e+00,2.800000e+00,2.048130e+04,6.302310e+04,6.900000e+01
1731542400000,1731628799999,3.072300e+00,3.118400e+00,4.000000e+00,3.072300e+00,5.386100e+03,1.726475e+04,3.400000e+01
1731628800000,1731715199999,3.118400e+00,4.000000e+00,4.000000e+00,2.980100e+00,6.270500e+03,2.086259e+04,2.900000e+01
1731715200000,1731801599999,3.651000e+00,3.780000e+00,4.000000e+00,3.651000e+00,4.971700e+03,1.895416e+04,2.700000e+01
1731801600000,1731887999999,3.780000e+00,3.780000e+00,3.850000e+00,3.780000e+00,8.589700e+03,3.260966e+04,2.100000e+01
1731888000000,1731974399999,3.840000e+00,3.336000e+00,3.840000e+00,3.336000e+00,8.817800e+03,3.260420e+04,3.300000e+01
1731974400000,1732060799999,3.775000e+00,3.336000e+00,3.775000e+00,3.336000e+00,1.439180e+04,4.945730e+04,1.800000e+01
1732060800000,1732147199999,3.336000e+00,3.336000e+00,3.336000e+00,3.336000e+00,6.586600e+03,2.197290e+04,2.000000e+01
1732147200000,1732233599999,3.474500e+00,3.336000e+00,3.520000e+00,3.336000e+00,9.250800e+03,3.146003e+04,2.700000e+01
1732233600000,1732319999999,3.336000e+00,3.460000e+00,3.493000e+00,3.246000e+00,2.244370e+04,7.505673e+04,1.900000e+01
1732320000000,1732406399999,3.336000e+00,3.166000e+00,3.601300e+00,3.166000e+00,6.216000e+03,2.069953e+04,4.400000e+01
1732406400000,1732492799999,3.166000e+00,3.400100e+00,4.080000e+00,3.166000e+00,2.357000e+03,8.415994e+03,4.100000e+01
1732492800000,1732579199999,3.400100e+00,3.378600e+00,3.439100e+00,3.378600e+00,1.418660e+04,4.841790e+04,4.500000e+01
1732579200000,1732665599999,3.378600e+00,3.150000e+00,3.430000e+00,3.000000e+00,1.822090e+04,6.157129e+04,9.700000e+01
1732665600000,1732751999999,3.150000e+00,3.460700e+00,3.490000e+00,3.150000e+00,2.841800e+03,9.236158e+03,2.800000e+01
1732752000000,1732838399999,3.531900e+00,3.360000e+00,3.619200e+00,3.360000e+00,1.526920e+04,5.286208e+04,4.800000e+01
1732838400000,1732924799999,3.360000e+00,3.360000e+00,3.459800e+00,3.360000e+00,9.821200e+03,3.302372e+04,1.500000e+01
1732924800000,1733011199999,3.481500e+00,3.373000e+00,3.481500e+00,3.373000e+00,3.950900e+03,1.354547e+04,8.000000e+00
1733011200000,1733097599999,3.423600e+00,3.410000e+00,3.423600e+00,3.410000e+00,1.023090e+04,3.494048e+04,1.800000e+01
1733097600000,1733183999999,3.465000e+00,3.230000e+00,3.465000e+00,3.230000e+00,5.787000e+03,1.974406e+04,8.000000e+00
1733184000000,1733270399999,3.230000e+00,3.859800e+00,3.860000e+00,3.024600e+00,3.010000e+03,1.102136e+04,1.800000e+01
1733270400000,1733356799999,3.703000e+00,3.703000e+00,3.750000e+00,3.703000e+00,2.546100e+03,9.471589e+03,7.000000e+00
1733356800000,1733443199999,3.703000e+00,4.900000e+00,4.900000e+00,3.600000e+00,9.172300e+03,3.553049e+04,1.800000e+01
1733443200000,1733529599999,4.300000e+00,3.707000e+00,5.000000e+00,3.707000e+00,7.184400e+03,3.181642e+04,4.500000e+01
1733529600000,1733615999999,3.707000e+00,4.000000e+00,5.000000e+00,3.707000e+00,1.354510e+04,6.089863e+04,1.500000e+01
1733616000000,1733702399999,4.407300e+00,4.260000e+00,4.407300e+00,4.000000e+00,1.112800e+03,4.607977e+03,4.000000e+01
1733702400000,1733788799999,4.260000e+00,4.162000e+00,4.660000e+00,3.900000e+00,4.133800e+03,1.709666e+04,1.900000e+01
1733788800000,1733875199999,4.162000e+00,3.200000e+00,4.162000e+00,3.200000e+00,6.504000e+03,2.353379e+04,1.800000e+01
1733875200000,1733961599999,3.690000e+00,3.690000e+00,3.690000e+00,3.200000e+00,4.143200e+03,1.505628e+04,1.300000e+01
1733961600000,1734047999999,4.990000e+00,4.700000e+00,4.990000e+00,4.700000e+00,5.966500e+03,2.910618e+04,2.500000e+01
1734048000000,1734134399999,4.700000e+00,4.990000e+00,4.990000e+00,4.641400e+00,6.833500e+03,3.350234e+04,3.800000e+01
1734134400000,1734220799999,4.990000e+00,4.443500e+00,4.990000e+00,3.900000e+00,7.664700e+03,3.533197e+04,3.600000e+01
1734220800000,1734307199999,4.443500e+00,4.990000e+00,5.100000e+00,4.310200e+00,4.695700e+03,2.214035e+04,6.400000e+01
1734307200000,1734393599999,4.990000e+00,4.178800e+00,4.990000e+00,4.000000e+00,8.860000e+02,4.150082e+03,1.300000e+01
1734393600000,1734479999999,4.178800e+00,4.178800e+00,4.800000e+00,4.178800e+00,7.237300e+03,3.032911e+04,6.100000e+01
1734480000000,1734566399999,4.178800e+00,4.483800e+00,5.000000e+00,4.170000e+00,6.591700e+03,2.815147e+04,2.900000e+01
1734566400000,1734652799999,4.373000e+00,4.030000e+00,4.865000e+00,4.000000e+00,1.967000e+03,8.519002e+03,3.500000e+01
1734652800000,1734739199999,4.030000e+00,4.000000e+00,4.132600e+00,3.707800e+00,2.397800e+03,9.627280e+03,1.500000e+01
1734739200000,1734825599999,4.000000e+00,4.182100e+00,5.000000e+00,4.000000e+00,1.990000e+03,9.196653e+03,7.100000e+01
1734825600000,1734911999999,4.182100e+00,4.292600e+00,4.545300e+00,4.182100e+00,3.265600e+03,1.415950e+04,1.200000e+02
1734912000000,1734998399999,4.292600e+00,4.700000e+00,4.701800e+00,3.850000e+00,3.212600e+03,1.413655e+04,8.800000e+01
1734998400000,1735084799999,4.700000e+00,4.700000e+00,4.700000e+00,4.425100e+00,1.496900e+04,7.024508e+04,1.300000e+02
1735084800000,1735171199999,4.700000e+00,5.000000e+00,5.000000e+00,4.300000e+00,1.579680e+04,7.451734e+04,1.900000e+01
1735171200000,1735257599999,3.852300e+00,4.284900e+00,4.480000e+00,3.852300e+00,4.484500e+03,1.852856e+04,4.800000e+01
1735257600000,1735343999999,4.284900e+00,4.100000e+00,4.376500e+00,4.100000e+00,7.539000e+02,3.102137e+03,4.200000e+01
1735344000000,1735430399999,4.100000e+00,4.810000e+00,4.810000e+00,4.100000e+00,1.183060e+04,5.285886e+04,5.600000e+01
1735430400000,1735516799999,4.500000e+00,4.468000e+00,4.900000e+00,4.468000e+00,1.206700e+04,5.409801e+04,5.500000e+01
1735516800000,1735603199999,4.468000e+00,4.047400e+00,4.468000e+00,3.850000e+00,5.517600e+03,2.183331e+04,7.900000e+01
1735603200000,1735689599999,4.367100e+00,4.122900e+00,4.422900e+00,3.850000e+00,2.407100e+03,1.017062e+04,3.500000e+01
1735689600000,1735775999999,4.122900e+00,3.906800e+00,4.122900e+00,3.906800e+00,9.990000e+01,3.954063e+02,2.400000e+01
1735776000000,1735862399999,3.907000e+00,3.906700e+00,3.907000e+00,3.906700e+00,6.167000e+02,2.409308e+03,1.000000e+01
1735862400000,1735948799999,3.906700e+00,4.098000e+00,4.516300e+00,3.765200e+00,1.742000e+03,6.637524e+03,8.000000e+00
1735948800000,1736035199999,4.098000e+00,5.300000e+00,5.300000e+00,4.098000e+00,1.740450e+04,8.898887e+04,8.400000e+01
1736035200000,1736121599999,5.300000e+00,5.300000e+00,5.600000e+00,4.686700e+00,8.097360e+04,4.323041e+05,6.300000e+01
1736121600000,1736207999999,5.300000e+00,5.600000e+00,5.600000e+00,5.300000e+00,8.242400e+03,4.417492e+04,4.000000e+01
1736208000000,1736294399999,5.600000e+00,5.600000e+00,5.600000e+00,5.300000e+00,3.586000e+03,1.943333e+04,4.100000e+01
1736294400000,1736380799999,5.600000e+00,5.300000e+00,5.600000e+00,5.300000e+00,1.201510e+04,6.450122e+04,5.000000e+01
1736380800000,1736467199999,5.300000e+00,5.300000e+00,5.300000e+00,5.300000e+00,3.477800e+03,1.843234e+04,3.800000e+01
1736467200000,1736553599999,5.300000e+00,5.300000e+00,5.300000e+00,5.300000e+00,1.635160e+04,8.666348e+04,2.600000e+01
1736553600000,1736639999999,5.385000e+00,5.300000e+00,5.385000e+00,5.300000e+00,1.174600e+03,6.225766e+03,2.200000e+01
1736640000000,1736726399999,5.300000e+00,5.300000e+00,5.300000e+00,5.300000e+00,1.034200e+03,5.481260e+03,1.100000e+01
1736726400000,1736812799999,5.300000e+00,5.300000e+00,5.300000e+00,5.300000e+00,6.545720e+04,3.469232e+05,2.000000e+01
1736812800000,1736899199999,5.300000e+00,5.300000e+00,5.300000e+00,5.300000e+00,2.241800e+03,1.188154e+04,4.600000e+01
1736899200000,1736985599999,5.300000e+00,5.300000e+00,5.300000e+00,5.300000e+00,9.070700e+03,4.807471e+04,2.000000e+01
1736985600000,1737071999999,5.300700e+00,5.300000e+00,5.300700e+00,5.300000e+00,4.040600e+03,2.141683e+04,4.000000e+00
1737072000000,1737158399999,5.300000e+00,5.300000e+00,5.300000e+00,5.300000e+00,2.944900e+03,1.560797e+04,1.300000e+01
1737158400000,1737244799999,5.300000e+00,4.686700e+00,5.405000e+00,4.686700e+00,2.405810e+04,1.161505e+05,4.000000e+01
1737244800000,1737331199999,4.686700e+00,4.937800e+00,4.937800e+00,4.686700e+00,1.187670e+04,5.836929e+04,1.500000e+01
1737331200000,1737417599999,4.937800e+00,4.777500e+00,4.937800e+00,4.777500e+00,4.369900e+03,2.121726e+04,1.500000e+01
1737417600000,1737503999999,4.777500e+00,4.285900e+00,5.250000e+00,3.800000e+00,5.599000e+03,2.450568e+04,2.600000e+01
1737504000000,1737590399999,4.623900e+00,4.800000e+00,4.800000e+00,4.285900e+00,2.796800e+03,1.243260e+04,2.200000e+01
1737590400000,1737676799999,4.800000e+00,4.500000e+00,4.810000e+00,4.500000e+00,8.238410e+04,3.717881e+05,3.300000e+01
1737676800000,1737763199999,4.500000e+00,4.863700e+00,4.863700e+00,3.800000e+00,2.850100e+04,1.221023e+05,1.600000e+01
1737763200000,1737849599999,4.863700e+00,4.307600e+00,4.863700e+00,4.147700e+00,5.037100e+03,2.236651e+04,1.000000e+01
1737849600000,1737935999999,4.307600e+00,3.880000e+00,4.307600e+00,3.880000e+00,5.420200e+03,2.316372e+04,1.500000e+01
1737936000000,1738022399999,3.836900e+00,3.500000e+00,3.836900e+00,3.500000e+00,1.667800e+03,6.299104e+03,7.000000e+00
1738022400000,1738108799999,4.000000e+00,4.251900e+00,4.251900e+00,3.500000e+00,1.918040e+04,7.793445e+04,2.100000e+01
1738108800000,1738195199999,3.797400e+00,3.797400e+00,4.251900e+00,3.797400e+00,1.327850e+04,5.191017e+04,3.400000e+01
1738195200000,1738281599999,4.000000e+00,4.560500e+00,4.560500e+00,3.500000e+00,1.589350e+04,5.822396e+04,1.400000e+01
1738281600000,1738367999999,4.560500e+00,4.105000e+00,4.600000e+00,4.075900e+00,3.798000e+03,1.728719e+04,2.100000e+01
1738368000000,1738454399999,4.200000e+00,4.075900e+00,4.200000e+00,4.075900e+00,7.925600e+03,3.233339e+04,5.300000e+01
1738454400000,1738540799999,4.210000e+00,3.800000e+00,4.210000e+00,3.800000e+00,3.743500e+03,1.501806e+04,2.700000e+01
1738540800000,1738627199999,2.919500e+00,2.901500e+00,3.679300e+00,2.901500e+00,2.752800e+03,8.306011e+03,1.600000e+01
1738627200000,1738713599999,3.200000e+00,3.200000e+00,3.200000e+00,3.200000e+00,2.200000e+02,7.040000e+02,1.000000e+00
1738713600000,1738799999999,3.984000e+00,2.901500e+00,3.984000e+00,2.901500e+00,1.105290e+04,3.747175e+04,2.990000e+02
1738800000000,1738886399999,2.901500e+00,2.901500e+00,3.440000e+00,2.901500e+00,1.255610e+04,4.221700e+04,7.600000e+01
1738886400000,1738972799999,2.901500e+00,2.901500e+00,3.278000e+00,2.901500e+00,1.303810e+04,3.857687e+04,9.200000e+01
1738972800000,1739059199999,2.901500e+00,3.000000e+00,3.000000e+00,2.901500e+00,1.573480e+04,4.567346e+04,6.000000e+00
1739059200000,1739145599999,3.000000e+00,2.901500e+00,3.095000e+00,2.901500e+00,1.491520e+04,4.412951e+04,2.300000e+01
1739145600000,1739231999999,2.950900e+00,2.901500e+00,3.710000e+00,2.901500e+00,1.075050e+04,3.214329e+04,3.400000e+01
1739232000000,1739318399999,2.901500e+00,2.901500e+00,2.901500e+00,2.901500e+00,1.205000e+02,3.496307e+02,2.000000e+00
1739318400000,1739404799999,2.901500e+00,2.901500e+00,4.000000e+00,2.901500e+00,1.108080e+04,3.432165e+04,2.200000e+01
1739404800000,1739491199999,3.595000e+00,3.494100e+00,4.000000e+00,3.494100e+00,2.495600e+03,8.913240e+03,3.200000e+01
1739491200000,1739577599999,3.494100e+00,3.494100e+00,3.833000e+00,3.494100e+00,8.079700e+03,2.826230e+04,1.500000e+01
1739577600000,1739663999999,3.494100e+00,3.494100e+00,4.000000e+00,3.494100e+00,6.283400e+03,2.210563e+04,1.800000e+01
1739664000000,1739750399999,3.494100e+00,3.494100e+00,3.494100e+00,3.494100e+00,1.188260e+04,4.151899e+04,9.000000e+00
1739750400000,1739836799999,4.000000e+00,2.901500e+00,4.000000e+00,2.901500e+00,2.631700e+03,8.920905e+03,9.000000e+00
1739836800000,1739923199999,3.472500e+00,3.040600e+00,3.508900e+00,2.755200e+00,7.063030e+04,2.114566e+05,5.940000e+02
1739923200000,1740009599999,3.092200e+00,3.509000e+00,3.509100e+00,2.747900e+00,1.262560e+04,4.393597e+04,1.490000e+02
1740009600000,1740095999999,3.509000e+00,3.174300e+00,4.000000e+00,3.174300e+00,5.277700e+03,1.804387e+04,3.300000e+01
